,iso_code,vaccines
0,AFG,"Johnson&Johnson, Oxford/AstraZeneca, Pfizer/BioNTech, Sinopharm/Beijing"
1,ALB,"Oxford/AstraZeneca, Pfizer/BioNTech, Sinovac, Sputnik V"
2,DZA,"Oxford/AstraZeneca, Sinopharm/Beijing, Sinovac, Sputnik V"
3,AND,"Moderna, Oxford/AstraZeneca, Pfizer/BioNTech"
4,ATG,"Oxford/AstraZeneca, Pfizer/BioNTech, Sputnik V"
5,ARG,"CanSino, Moderna, Oxford/AstraZeneca, Pfizer/BioNTech, Sinopharm/Beijing, Sputnik V"
6,ABW,Pfizer/BioNTech
7,AUS,"Moderna, Oxford/AstraZeneca, Pfizer/BioNTech"
8,AZE,"Oxford/AstraZeneca, Pfizer/BioNTech, Sinovac, Sputnik V"
9,BHS,"Johnson&Johnson, Oxford/AstraZeneca, Pfizer/BioNTech"
10,BHR,"Johnson&Johnson, Moderna, Oxford/AstraZeneca, Pfizer/BioNTech, Sinopharm/Beijing, Sputnik Light, Sputnik V"
11,BGD,"Johnson&Johnson, Moderna, Oxford/AstraZeneca, Pfizer/BioNTech, Sinopharm/Beijing, Sinovac"
12,BRB,"Oxford/AstraZeneca, Pfizer/BioNTech, Sinopharm/Beijing"
13,BEL,"Johnson&Johnson, Moderna, Oxford/AstraZeneca, Pfizer/BioNTech"
14,BLZ,"Johnson&Johnson, Oxford/AstraZeneca, Pfizer/BioNTech, Sinopharm/Beijing"
15,BTN,"Moderna, Oxford/AstraZeneca, Pfizer/BioNTech, Sinopharm/Beijing"
16,BOL,"Johnson&Johnson, Oxford/AstraZeneca, Pfizer/BioNTech, Sinopharm/Beijing, Sputnik V"
17,BIH,"Oxford/AstraZeneca, Pfizer/BioNTech, Sinovac, Sputnik V"
18,BWA,"Covaxin, Johnson&Johnson, Moderna, Oxford/AstraZeneca, Pfizer/BioNTech, Sinovac"
19,BRA,"Johnson&Johnson, Oxford/AstraZeneca, Pfizer/BioNTech, Sinovac"
20,BRN,"Johnson&Johnson, Moderna, Oxford/AstraZeneca, Pfizer/BioNTech, Sinopharm/Beijing"
21,BGR,"Johnson&Johnson, Moderna, Oxford/AstraZeneca, Pfizer/BioNTech"
22,BDI,Sinopharm/Beijing
23,KHM,"Johnson&Johnson, Oxford/AstraZeneca, Sinopharm/Beijing, Sinovac"
24,CMR,"Johnson&Johnson, Oxford/AstraZeneca, Pfizer/BioNTech, Sinopharm/Beijing"
25,CAN,"Johnson&Johnson, Moderna, Oxford/AstraZeneca, Pfizer/BioNTech"
26,CPV,"Moderna, Oxford/AstraZeneca, Pfizer/BioNTech, Sinopharm/Beijing"
27,CYM,"Oxford/AstraZeneca, Pfizer/BioNTech"
28,CHL,"CanSino, Oxford/AstraZeneca, Pfizer/BioNTech, Sinovac"
29,CHN,"CanSino, Sinopharm/Beijing, Sinopharm/Wuhan, Sinovac, ZF2001"
30,COL,"Johnson&Johnson, Moderna, Oxford/AstraZeneca, Pfizer/BioNTech, Sinovac"
31,CIV,"Johnson&Johnson, Oxford/AstraZeneca, Pfizer/BioNTech, Sinopharm/Beijing, Sputnik V"
32,HRV,"Johnson&Johnson, Moderna, Oxford/AstraZeneca, Pfizer/BioNTech"
33,CUB,"Abdala, Soberana Plus, Soberana02"
34,CUW,"Moderna, Pfizer/BioNTech"
35,CYP,"Johnson&Johnson, Moderna, Oxford/AstraZeneca, Pfizer/BioNTech"
36,CZE,"Johnson&Johnson, Moderna, Novavax, Oxford/AstraZeneca, Pfizer/BioNTech"
37,COD,Oxford/AstraZeneca
38,DNK,"Johnson&Johnson, Moderna, Pfizer/BioNTech"
39,DMA,"Oxford/AstraZeneca, Pfizer/BioNTech, Sinopharm/Beijing"
40,DOM,"Oxford/AstraZeneca, Pfizer/BioNTech, Sinopharm/Beijing, Sinovac"
41,ECU,"CanSino, Oxford/AstraZeneca, Pfizer/BioNTech, Sinovac"
42,EGY,"Johnson&Johnson, Oxford/AstraZeneca, Pfizer/BioNTech, Sinopharm/Beijing, Sinovac, Sputnik V"
43,SLV,"Oxford/AstraZeneca, Pfizer/BioNTech, Sinopharm/Beijing, Sinovac"
44,OWID_ENG,"Moderna, Oxford/AstraZeneca, Pfizer/BioNTech"
45,GNQ,Sinopharm/Beijing
46,EST,"Johnson&Johnson, Moderna, Oxford/AstraZeneca, Pfizer/BioNTech"
47,SWZ,"Johnson&Johnson, Oxford/AstraZeneca, Pfizer/BioNTech"
48,ETH,"Covaxin, Johnson&Johnson, Oxford/AstraZeneca, Sinopharm/Beijing, Sinovac"
49,FRO,"Moderna, Pfizer/BioNTech"
50,FIN,"Moderna, Oxford/AstraZeneca, Pfizer/BioNTech"
51,FRA,"Johnson&Johnson, Moderna, Oxford/AstraZeneca, Pfizer/BioNTech"
52,PYF,"Johnson&Johnson, Pfizer/BioNTech"
53,GAB,"Pfizer/BioNTech, Sinopharm/Beijing, Sputnik V"
54,GMB,"Johnson&Johnson, Oxford/AstraZeneca, Sinopharm/Beijing"
55,GEO,"Oxford/AstraZeneca, Pfizer/BioNTech, Sinopharm/Beijing, Sinovac"
56,DEU,"Johnson&Johnson, Moderna, Novavax, Oxford/AstraZeneca, Pfizer/BioNTech"
57,GHA,"Oxford/AstraZeneca, Sputnik V"
58,GIB,"Oxford/AstraZeneca, Pfizer/BioNTech"
59,GRC,"Johnson&Johnson, Moderna, Oxford/AstraZeneca, Pfizer/BioNTech"
60,GRL,Moderna
61,GRD,"Johnson&Johnson, Oxford/AstraZeneca, Pfizer/BioNTech"
62,GTM,"Moderna, Oxford/AstraZeneca, Pfizer/BioNTech, Sputnik V"
63,GGY,"Moderna, Oxford/AstraZeneca, Pfizer/BioNTech"
64,GIN,"Johnson&Johnson, Oxford/AstraZeneca, Pfizer/BioNTech, Sinopharm/Beijing, Sinovac, Sputnik V"
65,GNB,"Oxford/AstraZeneca, Sinopharm/Beijing"
66,GUY,"Moderna, Oxford/AstraZeneca, Pfizer/BioNTech, Sinopharm/Beijing, Sputnik V"
67,HTI,"Johnson&Johnson, Moderna"
68,HND,"Johnson&Johnson, Moderna, Oxford/AstraZeneca, Pfizer/BioNTech, Sputnik V"
69,HKG,"Pfizer/BioNTech, Sinovac"
70,HUN,"Johnson&Johnson, Moderna, Oxford/AstraZeneca, Pfizer/BioNTech, Sinopharm/Beijing, Sputnik V"
71,ISL,"Johnson&Johnson, Moderna, Oxford/AstraZeneca, Pfizer/BioNTech"
72,IND,"Covaxin, Oxford/AstraZeneca, Sputnik V"
73,IDN,"Johnson&Johnson, Moderna, Novavax, Oxford/AstraZeneca, Pfizer/BioNTech, Sinopharm/Beijing, Sinovac"
74,IRN,"COVIran Barekat, Covaxin, FAKHRAVAC, Oxford/AstraZeneca, Razi Cov Pars, Sinopharm/Beijing, Soberana02, SpikoGen, Sputnik V"
75,IRL,"Johnson&Johnson, Moderna, Oxford/AstraZeneca, Pfizer/BioNTech"
76,IMN,"Moderna, Oxford/AstraZeneca, Pfizer/BioNTech"
77,ISR,"Moderna, Pfizer/BioNTech"
78,ITA,"Johnson&Johnson, Moderna, Novavax, Oxford/AstraZeneca, Pfizer/BioNTech"
79,JAM,"Johnson&Johnson, Moderna, Oxford/AstraZeneca, Pfizer/BioNTech"
80,JPN,"Moderna, Oxford/AstraZeneca, Pfizer/BioNTech"
81,JOR,"Johnson&Johnson, Moderna, Oxford/AstraZeneca, Pfizer/BioNTech, Sinopharm/Beijing, Sputnik V"
82,KAZ,"QazVac, Sinopharm/Beijing, Sputnik V"
83,KEN,"Johnson&Johnson, Moderna, Oxford/AstraZeneca, Pfizer/BioNTech, Sinopharm/Beijing"
84,OWID_KOS,"Oxford/AstraZeneca, Pfizer/BioNTech"
85,KWT,"Johnson&Johnson, Moderna, Oxford/AstraZeneca, Pfizer/BioNTech, Sinopharm/Beijing"
86,KGZ,"Sinopharm/Beijing, Sputnik V"
87,LAO,"Johnson&Johnson, Oxford/AstraZeneca, Pfizer/BioNTech, Sinopharm/Beijing, Sinovac, Sputnik Light, Sputnik V"
88,LVA,"Johnson&Johnson, Moderna, Novavax, Pfizer/BioNTech"
89,LBN,"Oxford/AstraZeneca, Pfizer/BioNTech, Sinopharm/Beijing, Sputnik V"
90,LBR,Oxford/AstraZeneca
91,LBY,"Oxford/AstraZeneca, Pfizer/BioNTech, Sinopharm/Beijing, Sinovac, Sputnik V"
92,LIE,"Johnson&Johnson, Moderna, Pfizer/BioNTech"
93,LTU,"Johnson&Johnson, Moderna, Novavax, Oxford/AstraZeneca, Pfizer/BioNTech"
94,LUX,"Johnson&Johnson, Moderna, Oxford/AstraZeneca, Pfizer/BioNTech"
95,MAC,"Pfizer/BioNTech, Sinopharm/Beijing"
96,MWI,"Johnson&Johnson, Oxford/AstraZeneca"
97,MYS,"CanSino, Oxford/AstraZeneca, Pfizer/BioNTech, Sinopharm/Beijing, Sinovac"
98,MDV,"Oxford/AstraZeneca, Pfizer/BioNTech, Sinopharm/Beijing"
99,MLT,"Johnson&Johnson, Moderna, Oxford/AstraZeneca, Pfizer/BioNTech"
100,MRT,"Oxford/AstraZeneca, Sinopharm/Beijing"
101,MUS,"Covaxin, Oxford/AstraZeneca, Sinopharm/Beijing"
102,MEX,"CanSino, Johnson&Johnson, Moderna, Oxford/AstraZeneca, Pfizer/BioNTech, Sinovac, Sputnik V"
103,MDA,"Johnson&Johnson, Oxford/AstraZeneca, Pfizer/BioNTech, Sinopharm/Beijing, Sputnik V"
104,MNG,"Oxford/AstraZeneca, Pfizer/BioNTech, Sinopharm/Beijing, Sputnik V"
105,MNE,"Oxford/AstraZeneca, Pfizer/BioNTech, Sinopharm/Beijing, Sputnik V"
106,MAR,"Johnson&Johnson, Oxford/AstraZeneca, Pfizer/BioNTech, Sinopharm/Beijing, Sputnik V"
107,MOZ,"Johnson&Johnson, Oxford/AstraZeneca, Sinopharm/Beijing"
108,NAM,"Johnson&Johnson, Oxford/AstraZeneca, Pfizer/BioNTech, Sinopharm/Beijing"
109,NPL,"Johnson&Johnson, Moderna, Oxford/AstraZeneca, Pfizer/BioNTech, Sinopharm/Beijing"
110,NZL,"Oxford/AstraZeneca, Pfizer/BioNTech"
111,NGA,Oxford/AstraZeneca
112,MKD,"Oxford/AstraZeneca, Pfizer/BioNTech, Sinopharm/Beijing, Sinovac, Sputnik V"
113,OWID_CYN,"Oxford/AstraZeneca, Pfizer/BioNTech, Sinovac"
114,OWID_NIR,"Moderna, Oxford/AstraZeneca, Pfizer/BioNTech"
115,NOR,"Moderna, Pfizer/BioNTech"
116,OMN,"Oxford/AstraZeneca, Pfizer/BioNTech, Sinovac, Sputnik V"
117,PAK,"CanSino, Covaxin, Moderna, Oxford/AstraZeneca, Pfizer/BioNTech, Sinopharm/Beijing, Sinovac, Sputnik V"
118,PSE,"Johnson&Johnson, Moderna, Oxford/AstraZeneca, Pfizer/BioNTech, Sinopharm/Beijing, Sinovac, Sputnik Light, Sputnik V"
119,PAN,"Oxford/AstraZeneca, Pfizer/BioNTech"
120,PRY,"Covaxin, Moderna, Oxford/AstraZeneca, Pfizer/BioNTech, Sinopharm/Beijing, Sinovac, Sputnik V"
121,PER,"Oxford/AstraZeneca, Pfizer/BioNTech, Sinopharm/Beijing"
122,PHL,"Johnson&Johnson, Moderna, Oxford/AstraZeneca, Pfizer/BioNTech, Sinopharm/Beijing, Sinovac, Sputnik Light, Sputnik V"
123,POL,"Johnson&Johnson, Moderna, Oxford/AstraZeneca, Pfizer/BioNTech"
124,PRT,"Johnson&Johnson, Moderna, Oxford/AstraZeneca, Pfizer/BioNTech"
125,QAT,"Moderna, Pfizer/BioNTech"
126,ROU,"Johnson&Johnson, Moderna, Oxford/AstraZeneca, Pfizer/BioNTech"
127,RUS,"EpiVacCorona, Sputnik V"
128,RWA,"Johnson&Johnson, Moderna, Oxford/AstraZeneca, Pfizer/BioNTech, Sinopharm/Beijing, Sinovac, Sputnik V"
129,KNA,"Oxford/AstraZeneca, Pfizer/BioNTech"
130,LCA,"Oxford/AstraZeneca, Pfizer/BioNTech"
131,VCT,Oxford/AstraZeneca
132,SMR,"Pfizer/BioNTech, Sputnik V"
133,SAU,"Oxford/AstraZeneca, Pfizer/BioNTech"
134,OWID_SCT,"Moderna, Oxford/AstraZeneca, Pfizer/BioNTech"
135,SEN,"Johnson&Johnson, Oxford/AstraZeneca, Sinopharm/Beijing"
136,SRB,"Oxford/AstraZeneca, Pfizer/BioNTech, Sinopharm/Beijing, Sputnik V"
137,SYC,"Oxford/AstraZeneca, Sinopharm/Beijing, Sputnik V"
138,SLE,"Oxford/AstraZeneca, Sinopharm/Beijing"
139,SGP,"Moderna, Pfizer/BioNTech, Sinopharm/Beijing, Sinovac"
140,SVN,"Johnson&Johnson, Moderna, Novavax, Oxford/AstraZeneca, Pfizer/BioNTech"
141,SOM,"Johnson&Johnson, Oxford/AstraZeneca, Sinopharm/Beijing, Sinovac"
142,ZAF,"Johnson&Johnson, Pfizer/BioNTech"
143,KOR,"Johnson&Johnson, Moderna, Novavax, Oxford/AstraZeneca, Pfizer/BioNTech"
144,SSD,"Johnson&Johnson, Oxford/AstraZeneca"
145,ESP,"Johnson&Johnson, Moderna, Oxford/AstraZeneca, Pfizer/BioNTech"
146,LKA,"Moderna, Oxford/AstraZeneca, Pfizer/BioNTech, Sinopharm/Beijing, Sputnik V"
147,SDN,"Johnson&Johnson, Oxford/AstraZeneca, Pfizer/BioNTech, Sinopharm/Beijing, Sinovac"
148,SUR,"Oxford/AstraZeneca, Pfizer/BioNTech, Sinopharm/Beijing"
149,SWE,"Moderna, Oxford/AstraZeneca, Pfizer/BioNTech"
150,CHE,"Johnson&Johnson, Moderna, Pfizer/BioNTech"
151,TWN,"Medigen, Moderna, Oxford/AstraZeneca, Pfizer/BioNTech"
152,TJK,"Moderna, Oxford/AstraZeneca, Pfizer/BioNTech, Sinovac, Sputnik V"
153,THA,"Moderna, Oxford/AstraZeneca, Pfizer/BioNTech, Sinopharm/Beijing, Sinovac"
154,TLS,"Oxford/AstraZeneca, Pfizer/BioNTech, Sinovac"
155,TTO,"Johnson&Johnson, Oxford/AstraZeneca, Pfizer/BioNTech, Sinopharm/Beijing"
156,TUN,"Johnson&Johnson, Moderna, Oxford/AstraZeneca, Pfizer/BioNTech, Sinopharm/Beijing, Sinovac, Sputnik V"
157,TUR,"Pfizer/BioNTech, Sinovac, Turkovac"
158,UGA,"Johnson&Johnson, Moderna, Oxford/AstraZeneca, Pfizer/BioNTech, Sinovac"
159,UKR,"Johnson&Johnson, Moderna, Oxford/AstraZeneca, Pfizer/BioNTech, Sinovac"
160,ARE,"Oxford/AstraZeneca, Pfizer/BioNTech, Sinopharm/Beijing, Sinopharm/Wuhan, Sputnik V"
161,GBR,"Moderna, Oxford/AstraZeneca, Pfizer/BioNTech"
162,USA,"Johnson&Johnson, Moderna, Pfizer/BioNTech"
163,URY,"Oxford/AstraZeneca, Pfizer/BioNTech, Sinovac"
164,UZB,"Moderna, Oxford/AstraZeneca, Pfizer/BioNTech, Sinovac, Sputnik Light, Sputnik V, ZF2001"
165,VNM,"Abdala, Moderna, Oxford/AstraZeneca, Pfizer/BioNTech, Sinopharm/Beijing, Sputnik V"
166,OWID_WLS,"Moderna, Oxford/AstraZeneca, Pfizer/BioNTech"
167,ZMB,"Johnson&Johnson, Oxford/AstraZeneca, Sinopharm/Beijing"
168,ZWE,"Oxford/AstraZeneca, Sinopharm/Beijing, Sinovac, Sputnik V"
